# Edit this file to add or amend airport landing minima. Values are metres.,,,,
icao,landing_minima_m,CAT-2,CAT-3,NO ILS
VIDP,550,300,75,
VIAR,650,300,125,
VILK,550,300,,
VIJP,550,,,
VISR,1000,,,
VILH,5000,,,
VIJU,800,,,1400
VIDN,1400,,,2400
VIJO,750,,,
VIAG,550,,,
VIJR,550,,,
VICG,550,,,
VECC,550,300,75,
VEBS,550,,,
VERP,550,,,1200
VEPT,1000,,,
VEGY,1100,,,
VEBN,900,,,
VEBD,600,,,
VEGT,1300,,,2300
VEIM,2400,,,
VEAT,1400,,,
VEMN,1300,,,
VEMR,900,,,
VEKU,1000,,,
VABB,550,,,
VAAH,550,,,
VAHS,550,,,900
VABJ,550,,,
VAJM,800,,,
VABO,900,,,
VASU,800,,,
VAPO,550,,,2400
VAAU,900,,,
VABP,550,300,,
VAID,800,,,
VANP,550,,,
VAUD,900,,,
VOMM,550,,,
VOBL,550,300,75,
VOHS,550,,,
VOCI,550,,,
VOTV,550,,,
VOCB,550,,,
VOMD,1000,,,
VOCL,1600,,,
VOKN,800,,,
VOML,750,,,
VOGA,550,,,
VOGO,1000,,,
VOVZ,800,,,2400
VOBZ,800,,,
VOPB,1200,,,
VOTP,1400,,,
VNKT,2800,2100,,
,,a,,
